,flights,Trips
0,.heartWave { transform-box: fill-box; transform-origin: center; } svg:not(.animate).mod-unsaved .heartWave { -webkit-transform: scale(0); -moz-transform: scale(0); -ms-transform: scale(0); transform: scale(0); } svg:not(.animate).mod-saving .heartWave { -webkit-transform: scale(1) rotate(45deg); -moz-transform: scale(1) rotate(45deg); -ms-transform: scale(1) rotate(45deg); transform: scale(1) rotate(45deg); } svg:not(.animate).mod-saved .heartWave { -webkit-transform: scale(1.55); -moz-transform: scale(1.55); -ms-transform: scale(1.55); transform: scale(1.55); } svg.animate.mod-unsaved { animation: heartBounce 1s both; } svg.animate.mod-unsaved .heartWave { animation: heartUnsavedState 3s linear forwards; } svg.animate.mod-saving .heartWave { animation: heartSavingState 1s both, heartLoop 1s infinite 1s normal forwards; } svg.animate.mod-saved { animation: heartPulse 0.3s both 0.6s ease-in-out; } svg.animate.mod-saved .heartWave { animation: heartSavedState 0.5s normal ease-in-out forwards; } @keyframes heartUnsavedState { from { -webkit-transform: scale(1.55); -moz-transform: scale(1.55); -ms-transform: scale(1.55); transform: scale(1.55); } 33% { -webkit-transform: scale(1.55); -moz-transform: scale(1.55); -ms-transform: scale(1.55); transform: scale(1.55); } to { -webkit-transform: scale(0); -moz-transform: scale(0); -ms-transform: scale(0); transform: scale(0); } } @keyframes heartSavedState { to { -webkit-transform: scale(1.55); -moz-transform: scale(1.55); -ms-transform: scale(1.55); transform: scale(1.55); } } @keyframes heartSavingState { from { -webkit-transform: scale(0); -moz-transform: scale(0); -ms-transform: scale(0); transform: scale(0); } to { -webkit-transform: scale(1); -moz-transform: scale(1); -ms-transform: scale(1); transform: scale(1); } } @keyframes heartPulse { 50% { -webkit-transform: scale(1.2); -moz-transform: scale(1.2); -ms-transform: scale(1.2); transform: scale(1.2); } } @keyframes heartBounce { 25% { -webkit-transform: rotate(10deg); -moz-transform: rotate(10deg); -ms-transform: rotate(10deg); transform: rotate(10deg); } 50% { -webkit-transform: rotate(-10deg); -moz-transform: rotate(-10deg); -ms-transform: rotate(-10deg); transform: rotate(-10deg); } 75% { -webkit-transform: rotate(5deg); -moz-transform: rotate(5deg); -ms-transform: rotate(5deg); transform: rotate(5deg); } 100% { -webkit-transform: rotate(0deg); -moz-transform: rotate(0deg); -ms-transform: rotate(0deg); transform: rotate(0deg); } } @keyframes heartLoop { from { -webkit-transform: rotate(0deg); -moz-transform: rotate(0deg); -ms-transform: rotate(0deg); transform: rotate(0deg); } to { -webkit-transform: rotate(45deg); -moz-transform: rotate(45deg); -ms-transform: rotate(45deg); transform: rotate(45deg); } }
1,One-way,
2,Round-trip,
3,Multi-city,
4,Round-trip,
5,1 adult,
6,Economy,
7,Premium Economy,
8,Business,
9,First,
10,Multiple,
11,Economy,
12,0 bags,
13,Newark (EWR),
14,Denver (DEN),
15,Thu 5/25,
16,Sat 6/3,
17,Our Advice:,
18,Our Advice,
19,Buy now,
20,Prices are unlikely to decrease within 7 days,
21,Track prices,
22,Off,
23,1165 of 2030 flights,
24,Stops,
25,Nonstop,
26,$538,
27,1 stop,
28,$295,
29,2+ stops,
30,$398,
31,Fee Assistant,
32,Carry-on bag,
33,Checked bag,
34,Flexible options,
35,No change fees,
36,Times,
37,Take-off,
38,Landing,
39,Take-off from EWR,
40,Thu 1:30 AM - Thu 11:00 PM,
41,Take-off from DEN,
42,Sat 12:00 AM - Sun 12:00 AM,
43,Airlines,
44,Select all,
45,|,
46,Clear all,
47,American Airlines,
48,$445,
49,Delta,
50,$537,
51,Frontier,
52,$605,
53,Spirit Airlines,
54,$352,
55,United Airlines,
56,$538,
57,Multiple airlines,
58,Show 8 more airlines,
59,Alliance,
60,oneworld,
61,$445,
62,SkyTeam,
63,$537,
64,Star Alliance,
65,$538,
66,Airports,
67,Depart/return same,
68,Newark,
69,EWR: Newark,
70,$295,
71,JFK: John F Kennedy Intl,
72,$453,
73,LGA: LaGuardia,
74,$341,
75,HPN: Westchester County,
76,Denver,
77,DEN: Denver Intl,
78,$295,
79,Duration,
80,Flight leg,
81,4h 18m - 42h 2m,
82,Layover,
83,0h 30m - 23h 25m,
84,Price,
85,Cabin,
86,Layover airports,
87,Flight quality,
88,Aircraft,
89,Booking sites,
90,Flight results are ready,
91,Cheapest,
92,$295 • 12h 53m,
93,Best,
94,$538 • 4h 11m,
95,Quickest,
96,$617 • 4h 00m,
97,Other sort,
98,Book your flight with confidence,
99,Land the deal you've been dreaming of. Book now travel anytime,
100,4:54 pm–10:54 pm,
101,Spirit Airlines,
102,1 stop,
103,FLL,
104,8h 00m,
105,EWR,
106,-,
107,DEN,
108,5:45 am–3:56 pm,
109,Spirit Airlines,
110,1 stop,
111,FLL,
112,8h 11m,
113,DEN,
114,-,
115,EWR,
116,Ad,
117,0,
118,0,
119,$356,
120,Economy,
121,Priceline,
122,View Deal,
123,Best,
124,No change fees,
125,6:06 am–8:36 am,
126,United Airlines,
127,nonstop,
128,4h 30m,
129,EWR,
130,-,
131,DEN,
132,7:00 pm–12:53 am+1,
133,United Airlines,
134,nonstop,
135,3h 53m,
136,DEN,
137,-,
138,EWR,
139,1,
140,0,
141,$538,
142,Economy,
143,United Airlines,
144,View Deal,
145,Cheapest,
146,4:50 pm–10:54 pm,
147,Spirit Airlines,
148,1 stop,
149,FLL,
150,8h 04m,
151,EWR,
152,-,
153,DEN,
154,4:11 pm–11:53 am+1,
155,Frontier, Spirit Airlines
156,1 stop,
157,DFW,
158,17h 42m,
159,DEN,
160,-,
161,EWR,
162,0,
163,0,
164,$295,
165,Economy,
166,Kiwi.com,
167,View Deal,
168,Your next adventure is a flight away.,
169,More routes to more places. Book now.,
170,$445,
171,1 stop,
172,aa.com,
173,|,
174,Ad,
175,$445,
176,American Airlines,
177,View Deal,
178,No change fees,
179,3:40 pm–6:04 pm,
180,United Airlines,
181,nonstop,
182,4h 24m,
183,EWR,
184,-,
185,DEN,
186,7:00 pm–12:53 am+1,
187,United Airlines,
188,nonstop,
189,3h 53m,
190,DEN,
191,-,
192,EWR,
193,1,
194,0,
195,$549,
196,Economy,
197,United Airlines,
198,View Deal,
199,No change fees,
200,8:26 pm–10:52 pm,
201,United Airlines,
202,nonstop,
203,4h 26m,
204,EWR,
205,-,
206,DEN,
207,7:00 pm–12:53 am+1,
208,United Airlines,
209,nonstop,
210,3h 53m,
211,DEN,
212,-,
213,EWR,
214,1,
215,0,
216,$549,
217,Economy,
218,United Airlines,
219,View Deal,
220,No change fees,
221,6:25 pm–8:56 pm,
222,United Airlines,
223,nonstop,
224,4h 31m,
225,EWR,
226,-,
227,DEN,
228,7:00 pm–12:53 am+1,
229,United Airlines,
230,nonstop,
231,3h 53m,
232,DEN,
233,-,
234,EWR,
235,1,
236,0,
237,$548,
238,Economy,
239,United Airlines,
240,View Deal,
241,Flights deals to Denver,
242,Go To Your Happy Price.,
243,$356,
244,1 stop,
245,priceline.com,
246,|,
247,Ad,
248,$356,
249,Priceline,
250,View Deal,
251,No change fees,
252,6:06 am–8:36 am,
253,United Airlines,
254,nonstop,
255,4h 30m,
256,EWR,
257,-,
258,DEN,
259,11:59 pm–5:42 am+1,
260,United Airlines,
261,nonstop,
262,3h 43m,
263,DEN,
264,-,
265,EWR,
266,1,
267,0,
268,$562,
269,Economy,
270,United Airlines,
271,View Deal,
272,No change fees,
273,3:40 pm–6:04 pm,
274,United Airlines,
275,nonstop,
276,4h 24m,
277,EWR,
278,-,
279,DEN,
280,5:46 pm–11:33 pm,
281,United Airlines,
282,nonstop,
283,3h 47m,
284,DEN,
285,-,
286,EWR,
287,1,
288,0,
289,$598,
290,Economy,
291,United Airlines,
292,View Deal,
293,$816,
294,Economy Plus,
295,No change fees,
296,3:40 pm–6:04 pm,
297,United Airlines,
298,nonstop,
299,4h 24m,
300,EWR,
301,-,
302,DEN,
303,6:01 am–11:53 am,
304,United Airlines,
305,nonstop,
306,3h 52m,
307,DEN,
308,-,
309,EWR,
310,1,
311,0,
312,$598,
313,Economy,
314,United Airlines,
315,View Deal,
316,$816,
317,Economy Plus,
318,No change fees,
319,6:06 am–8:36 am,
320,United Airlines,
321,nonstop,
322,4h 30m,
323,EWR,
324,-,
325,DEN,
326,5:46 pm–11:33 pm,
327,United Airlines,
328,nonstop,
329,3h 47m,
330,DEN,
331,-,
332,EWR,
333,1,
334,0,
335,$598,
336,Economy,
337,United Airlines,
338,View Deal,
339,$816,
340,Economy Plus,
341,Spring in Glenwood Springs, Colorado
342,While other mountain towns have mud season, Glenwood has fun season.
343,Relax in our hot springs,
344,Play in our mountains,
345,Discover our town,
346,Visitglenwood.com | Ad,
347,View Deal,
348,No change fees,
349,6:06 am–8:36 am,
350,United Airlines,
351,nonstop,
352,4h 30m,
353,EWR,
354,-,
355,DEN,
356,6:01 am–11:53 am,
357,United Airlines,
358,nonstop,
359,3h 52m,
360,DEN,
361,-,
362,EWR,
363,1,
364,0,
365,$598,
366,Economy,
367,United Airlines,
368,View Deal,
369,$816,
370,Economy Plus,
371,No change fees,
372,2:22 pm–4:40 pm,
373,United Airlines,
374,nonstop,
375,4h 18m,
376,EWR,
377,-,
378,DEN,
379,7:00 pm–12:53 am+1,
380,United Airlines,
381,nonstop,
382,3h 53m,
383,DEN,
384,-,
385,EWR,
386,1,
387,0,
388,$608,
389,Economy,
390,United Airlines,
391,View Deal,
392,$826,
393,Economy Plus,
394,No change fees,
395,8:26 pm–10:52 pm,
396,United Airlines,
397,nonstop,
398,4h 26m,
399,EWR,
400,-,
401,DEN,
402,5:46 pm–11:33 pm,
403,United Airlines,
404,nonstop,
405,3h 47m,
406,DEN,
407,-,
408,EWR,
409,1,
410,0,
411,$598,
412,Economy,
413,United Airlines,
414,View Deal,
415,$816,
416,Economy Plus,
417,No change fees,
418,8:26 pm–10:52 pm,
419,United Airlines,
420,nonstop,
421,4h 26m,
422,EWR,
423,-,
424,DEN,
425,6:01 am–11:53 am,
426,United Airlines,
427,nonstop,
428,3h 52m,
429,DEN,
430,-,
431,EWR,
432,1,
433,0,
434,$598,
435,Economy,
436,United Airlines,
437,View Deal,
438,$816,
439,Economy Plus,
440,Cut flight fares with Farebarber,
441,Save on flights using our best price match policy,
442,farebarber.com,
443,|,
444,Ad,
445,View Deal,
446,No change fees,
447,6:25 pm–8:56 pm,
448,United Airlines,
449,nonstop,
450,4h 31m,
451,EWR,
452,-,
453,DEN,
454,5:46 pm–11:33 pm,
455,United Airlines,
456,nonstop,
457,3h 47m,
458,DEN,
459,-,
460,EWR,
461,1,
462,0,
463,$598,
464,Economy,
465,United Airlines,
466,View Deal,
467,$816,
468,Economy Plus,
469,No change fees,
470,2:22 pm–4:40 pm,
471,United Airlines,
472,nonstop,
473,4h 18m,
474,EWR,
475,-,
476,DEN,
477,5:46 pm–11:33 pm,
478,United Airlines,
479,nonstop,
480,3h 47m,
481,DEN,
482,-,
483,EWR,
484,1,
485,0,
486,$634,
487,Economy,
488,United Airlines,
489,View Deal,
490,No change fees,
491,8:26 pm–10:52 pm,
492,United Airlines,
493,nonstop,
494,4h 26m,
495,EWR,
496,-,
497,DEN,
498,11:59 pm–5:42 am+1,
499,United Airlines,
500,nonstop,
501,3h 43m,
502,DEN,
503,-,
504,EWR,
505,1,
506,0,
507,$572,
508,Economy,
509,United Airlines,
510,View Deal,
511,Show more results,
512,Not convinced?,
513,Compare the same search on other sites,
514,Compare all,
515,*,
516,Prices are per person and do not include baggage fees. Some train and bus prices may not include a service fee added by the provider at checkout.,
517,¹Hacker Fare tickets are sold to/from a destination via different airlines and are subject to each airline's booking requirements and terms, including changes to itineraries. Any changes made to one of your tickets will not necessarily afford rights to change the other ticket. Fares change frequently and are subject to availability. International travel may require proof of return flight.
518,Company,
519,About,
520,Careers,
521,Mobile,
522,Blog,
523,How we work,
524,Contact,
525,Help/FAQ,
526,Press,
527,Affiliates,
528,Hotel owners,
529,Partners,
530,Advertise with us,
531,More,
532,Airline fees,
533,Airlines,
534,Low fare tips,
535,Badges & Certificates,
536,Site / Currency,
537,Site,
538,UNITED STATES,
539,Currency,
540,UNITED STATES DOLLARS,
541,Privacy,
542,Terms & Conditions,
543,Ad Choices,
544,©2023 KAYAK,
545,Search cheap flights with KAYAK. Search for the cheapest airline tickets for all the top airlines around the world and the top international flight routes. KAYAK searches hundreds of travel sites to help you find cheap airfare and book a flight that suits you best. Since KAYAK searches many plane tickets sites at once, you can find cheap tickets from cheap airlines quickly.
546,KAYAK also helps you find the right hotels for your needs.,
547,Not what you’re looking for? Find thousands of other hotels, flights and car rentals with KAYAK.
548,Get Price Alerts,
549,Monitor prices and receive email updates when they change.,
550,Track prices,
